/security /security.html 200
/proof /proof.html 200
/resume /resume.html 200
/projects /projects.html 200
/lab /lab.html 200
/triage /triage.html 200
/case-study /case-study.html 200
/blog-python2-to-python3 /blog-python2-to-python3.html 200
